eyes,behavior
eyes visible,yawn
eyes visible,yawn
eyes visible,yawn
eyes visible,yawn
eyes visible,yawn
eyes visible,yawn
eyes visible,yawn
eyes visible,yawn
eyes visible,yawn
eyes visible,yawn
eyes visible,yawn
eyes visible,yawn
eyes visible,yawn
eyes visible,yawn
eyes visible,yawn
eyes visible,yawn
eyes visible,yawn
eyes visible,no yawn
eyes visible,no yawn
eyes visible,no yawn
eyes visible,no yawn
eyes visible,no yawn
eyes visible,no yawn
eyes visible,no yawn
eyes visible,no yawn
eyes visible,no yawn
eyes visible,no yawn
eyes visible,no yawn
eyes visible,no yawn
eyes visible,no yawn
eyes covered,yawn
eyes covered,yawn
eyes covered,yawn
eyes covered,yawn
eyes covered,yawn
eyes covered,yawn
eyes covered,yawn
eyes covered,yawn
eyes covered,yawn
eyes covered,yawn
eyes covered,yawn
eyes covered,no yawn
eyes covered,no yawn
eyes covered,no yawn
eyes covered,no yawn
eyes covered,no yawn
eyes covered,no yawn
eyes covered,no yawn
eyes covered,no yawn
eyes covered,no yawn
eyes covered,no yawn
eyes covered,no yawn
eyes covered,no yawn
eyes covered,no yawn
eyes covered,no yawn
eyes covered,no yawn
eyes covered,no yawn
eyes covered,no yawn
eyes covered,no yawn
eyes covered,no yawn